Code;Name;Parent;Ico;Sort
1;"PRE JUNIOR";0;;1
2;JUNIOR;0;;2
3;SENIOR;0;;3
4;EXAMS;0;;4
5;GRAMMAR;0;;5
6;PUBLIC;0;;6
7;SKILLS;0;;7
8;"Little Stars";1;;1
9;"Super Junior";1;;2
10;"I Like Junior";2;;1
11;"Super Junior";2;;2
12;"Super Friends";2;;3
13;"Level 1";2;;4
14;"Super Fun";3;;6
15;"Twice the Fun";3;;3
16;"I Like English";3;;1
17;"I Like English B1";3;;2
18;"B for All";3;;5
19;"Quick Steps";3;;4
20;"Michigan ECCE B2";4;;1
21;"Michigan ECPE C1";4;;2
22;"ALCE C1";4;;3
23;"Michigan ECPE C2";4;;4
24;TOEIC;4;;5
25;TIE;4;;6
26;ESB;4;;7
27;PTE;4;;8
28;EDI;4;;9
29;MSU;4;;10
30;IELTS;4;;11
31;"Panhellenic Exams";4;;12
32;NFLES;4;;13
33;Ascentis;4;;14
34;Grammalysis;5;;1
35;"I Like Grammar B1";5;;2
36;"B+ All You Need";6;;1
37;SPEAKING;7;;1
38;LISTENING;7;;2
39;WRITING;7;;3
40;"IELTS (15 Listening & Speaking Tests)";37;;1
41;"Speaking Practice B1-B2";37;;2
42;"B1 for All (10 Extra Listening Tests)";38;;1
43;"B2 for All (Listening)";38;;2
44;"ECCE B2 (30 Listening Practice Tests)";38;;3
45;"ECPE C1 (Listening Practice)";38;;4
46;"ECPE C2 (10 Extra Listening Practice Tests)";38;;5
47;"IELTS (15 Listening & Speaking Tests)";38;;6
48;"TOEIC (10 Extra Listening Practice Tests)";38;;7
49;;0;;0
50;;0;;0
51;;0;;0
52;;0;;0
53;;0;;0
54;;0;;0
55;;0;;0
56;;0;;0
57;;0;;0
58;;0;;0
59;;0;;0
60;;0;;0
